-- phpMyAdmin SQL Dump
-- version 5.2.1
-- https://www.phpmyadmin.net/
--
-- Host: 127.0.0.1
-- Generation Time: Feb 16, 2024 at 05:28 AM
-- Server version: 10.4.28-MariaDB
-- PHP Version: 8.2.4

SET SQL_MODE = "NO_AUTO_VALUE_ON_ZERO";
START TRANSACTION;
SET time_zone = "+00:00";


/*!40101 SET @OLD_CHARACTER_SET_CLIENT=@@CHARACTER_SET_CLIENT */;
/*!40101 SET @OLD_CHARACTER_SET_RESULTS=@@CHARACTER_SET_RESULTS */;
/*!40101 SET @OLD_COLLATION_CONNECTION=@@COLLATION_CONNECTION */;
/*!40101 SET NAMES utf8mb4 */;

--
-- Database: `ecom_store`
--

-- --------------------------------------------------------

--
-- Table structure for table `about_us`
--

CREATE TABLE `about_us` (
  `about_id` int(10) NOT NULL,
  `about_heading` text NOT NULL,
  `about_short_desc` text NOT NULL,
  `about_desc` text NOT NULL,
  `about_image` varchar(200) NOT NULL
) ENGINE=InnoDB DEFAULT CHARSET=latin1 COLLATE=latin1_swedish_ci;

--
-- Dumping data for table `about_us`
--

INSERT INTO `about_us` (`about_id`, `about_heading`, `about_short_desc`, `about_desc`, `about_image`) VALUES
(1, 'About Us - Our Story', '\r\n  \r\n  \r\n  \r\nIt is a long established fact that a reader will be distracted by the readable content of a page when looking at its layout. The point of using Lorem Ipsum is that it has a more-or-less normal distribution of letters,\r\n\r\n  \r\n  \r\n  ', '\r\n  \r\n  \r\n  Rhone was the collective vision of a small group of weekday warriors. For years, we were frustrated by the lack of activewear designed for men and wanted something better. With that in mind, we set out to design premium apparel that is made for motion and engineered to endure.\r\n\r\nAdvanced materials and state of the art technology are combined with heritage craftsmanship to create a new standard in activewear. Every product tells a story of premium performance, reminding its wearer to push themselves physically without having to sacrifice comfort and style.\r\n\r\nBeyond our product offering, Rhone is founded on principles of progress and integrity. Just as we aim to become better as a company, we invite men everywhere to raise the bar and join us as we move Forever Forward.\r\n  \r\n  \r\n  ', 'blog-5.jpg');

-- --------------------------------------------------------

--
-- Table structure for table `admins`
--

CREATE TABLE `admins` (
  `admin_id` int(10) NOT NULL,
  `admin_name` varchar(255) NOT NULL,
  `admin_email` varchar(255) NOT NULL,
  `admin_pass` varchar(255) NOT NULL,
  `admin_image` text NOT NULL,
  `admin_contact` varchar(255) NOT NULL,
  `admin_country` text NOT NULL,
  `admin_job` varchar(255) NOT NULL,
  `admin_about` text NOT NULL
) ENGINE=InnoDB DEFAULT CHARSET=latin1 COLLATE=latin1_swedish_ci;

--
-- Dumping data for table `admins`
--

INSERT INTO `admins` (`admin_id`, `admin_name`, `admin_email`, `admin_pass`, `admin_image`, `admin_contact`, `admin_country`, `admin_job`, `admin_about`) VALUES
(2, 'Administrator', 'admin@mail.com', '123', 'user-profile-min.png', '7777775500', 'Morocco', 'Front-End Developer', '  Contrary to popular belief, Lorem Ipsum is not simply random text. It has roots in a piece of classical Latin literature from 45 BC, making it over 2000 years old. Richard McClintock, a Latin professor at Hampden-Sydney College in Virginia, looked up one of the more obscure Latin words, consectetur, from a Lorem Ipsum passage, and going through the cites of the word in classical  ');

-- --------------------------------------------------------

--
-- Table structure for table `bundle_product_relation`
--

CREATE TABLE `bundle_product_relation` (
  `rel_id` int(10) NOT NULL,
  `rel_title` varchar(255) NOT NULL,
  `product_id` int(10) NOT NULL,
  `bundle_id` int(10) NOT NULL
) ENGINE=InnoDB DEFAULT CHARSET=latin1 COLLATE=latin1_swedish_ci;

-- --------------------------------------------------------

--
-- Table structure for table `cart`
--

CREATE TABLE `cart` (
  `p_id` int(10) NOT NULL,
  `ip_add` varchar(255) NOT NULL,
  `qty` int(10) NOT NULL,
  `p_price` varchar(255) NOT NULL,
  `size` text NOT NULL,
  `customer_email` varchar(100) NOT NULL
) ENGINE=InnoDB DEFAULT CHARSET=latin1 COLLATE=latin1_swedish_ci;

-- --------------------------------------------------------

--
-- Table structure for table `categories`
--

CREATE TABLE `categories` (
  `cat_id` int(10) NOT NULL,
  `cat_title` text NOT NULL,
  `cat_top` text NOT NULL,
  `cat_image` text NOT NULL
) ENGINE=InnoDB DEFAULT CHARSET=latin1 COLLATE=latin1_swedish_ci;

--
-- Dumping data for table `categories`
--

INSERT INTO `categories` (`cat_id`, `cat_title`, `cat_top`, `cat_image`) VALUES
(3, 'Kids', 'no', 'kidslg.jpg'),
(4, 'women', 'yes', 'othericon.png'),
(5, 'Men', 'yes', 'malelg.png');

-- --------------------------------------------------------

--
-- Table structure for table `contact_page`
--

CREATE TABLE `contact_page` (
  `id` int(10) NOT NULL,
  `name` varchar(100) NOT NULL,
  `email` varchar(100) NOT NULL,
  `subject` varchar(100) NOT NULL,
  `message` varchar(200) NOT NULL,
  `enquiry_type` varchar(100) NOT NULL
) ENGINE=InnoDB DEFAULT CHARSET=utf8mb4 COLLATE=utf8mb4_general_ci;

--
-- Dumping data for table `contact_page`
--

INSERT INTO `contact_page` (`id`, `name`, `email`, `subject`, `message`, `enquiry_type`) VALUES
(1, '0', '0', '0', '0', '0'),
(2, 'harsh', 'harsh@gmail.com', 'test', ' this is ademo', 'Order and Delivery Support'),
(3, 'harsh', 'harsh@gmail.com', 'test', ' this is ademo', 'Order and Delivery Support'),
(4, 'harsh', 'harsh@gmail.com', 'test', ' this is ademo', 'Order and Delivery Support'),
(5, 'harsh', 'harsh@gmail.com', 'test', ' this is ademo', 'Order and Delivery Support'),
(6, 'harsh', 'harsh@gmail.com', 'test', ' this is ademo', 'Order and Delivery Support'),
(7, 'harsh', 'harsh@gmail.com', 'test', ' this is ademo', 'Order and Delivery Support'),
(8, 'dev', '', 'test', ' 11', 'others'),
(9, 'dev', '', 'test', ' 11', 'others'),
(10, 'utsav', 'dev@gmail.com', '1', ' 1', 'Select Enquiry Type'),
(11, 'harsh', 'harsh@gmail.com', 'test', '123', 'others');

-- --------------------------------------------------------

--
-- Table structure for table `contact_us`
--

CREATE TABLE `contact_us` (
  `contact_id` int(10) NOT NULL,
  `contact_email` varchar(100) NOT NULL,
  `contact_heading` text NOT NULL,
  `contact_desc` text NOT NULL,
  `contact_location` varchar(500) NOT NULL
) ENGINE=InnoDB DEFAULT CHARSET=latin1 COLLATE=latin1_swedish_ci;

--
-- Dumping data for table `contact_us`
--

INSERT INTO `contact_us` (`contact_id`, `contact_email`, `contact_heading`, `contact_desc`, `contact_location`) VALUES
(1, 'ecomstore@mail.com', 'Contact  To Us', '            If you have any questions, please feel free to contact us, our customer service center is working for you 24/7.            ', '            <iframe src=\"https://www.google.com/maps/embed?pb=!1m18!1m12!1m3!1d3670.330475987559!2d72.61828227509385!3d23.08499517913007!2m3!1f0!2f0!3f0!3m2!1i1024!2i768!4f13.1!3m3!1m2!1s0x395e815ea5f50f2b%3A0x159795ff78ae2f3f!2sBholeshwar%20Society!5e0!3m2!1sen!2sin!4v1705143971947!5m2!1sen!2sin\" width=\"600\" height=\"450\" style=\"border:0;\" allowfullscreen=\"\" loading=\"lazy\" referrerpolicy=\"no-referrer-when-downgrade\"></iframe>    ');

-- --------------------------------------------------------

--
-- Table structure for table `coupons`
--

CREATE TABLE `coupons` (
  `coupon_id` int(10) NOT NULL,
  `product_id` int(10) NOT NULL,
  `coupon_title` varchar(255) NOT NULL,
  `coupon_price` varchar(255) NOT NULL,
  `coupon_code` varchar(255) NOT NULL,
  `coupon_limit` int(100) NOT NULL,
  `coupon_used` int(100) NOT NULL
) ENGINE=InnoDB DEFAULT CHARSET=latin1 COLLATE=latin1_swedish_ci;

--
-- Dumping data for table `coupons`
--

INSERT INTO `coupons` (`coupon_id`, `product_id`, `coupon_title`, `coupon_price`, `coupon_code`, `coupon_limit`, `coupon_used`) VALUES
(5, 8, 'Sale', '10', 'CASTRO', 2, 1),
(6, 14, 'Sale', '65', 'CODEASTRO', 3, 1);

-- --------------------------------------------------------

--
-- Table structure for table `customers`
--

CREATE TABLE `customers` (
  `customer_id` int(10) NOT NULL,
  `customer_name` varchar(255) NOT NULL,
  `customer_email` varchar(255) NOT NULL,
  `customer_pass` varchar(255) NOT NULL,
  `customer_country` text NOT NULL,
  `customer_city` text NOT NULL,
  `customer_contact` varchar(255) NOT NULL,
  `customer_address` text NOT NULL,
  `customer_image` text NOT NULL,
  `customer_ip` varchar(255) NOT NULL,
  `customer_confirm_code` text NOT NULL
) ENGINE=InnoDB DEFAULT CHARSET=latin1 COLLATE=latin1_swedish_ci;

--
-- Dumping data for table `customers`
--

INSERT INTO `customers` (`customer_id`, `customer_name`, `customer_email`, `customer_pass`, `customer_country`, `customer_city`, `customer_contact`, `customer_address`, `customer_image`, `customer_ip`, `customer_confirm_code`) VALUES
(2, 'user', 'user@ave.com', '456', 'United State', 'New York', '0092334566931', 'new york', 'user.jpg', '::1', ''),
(3, 'Demo Customer', 'demo@customer.com', 'Password123', 'DemoCountry', 'DemoCity', '700000000', 'DemoAddress', 'sample_image.jpg', '::1', ''),
(4, 'Thomas', 'thomas@demo.com', 'Password123', 'One Country', 'One City', '777777777', '111 Address', 'sample_img360.png', '::1', '1427053935'),
(5, 'Fracis', 'test@customer.com', 'Password123', 'US', 'Demo City', '780000000', '112 Bleck Street', 'userav-min.png', '::1', '1634138674'),
(6, 'Sample Customer', 'customer@mail.com', 'Password123', 'Sample Country', 'Sample City', '7800000000', 'Sample Address', 'user-icn-min.png', '::1', '174829126'),
(7, 'harsh', 'harsh@gmail.com', '123', '', 'ahmedabad', '9265472944', '26 bholeshwar soceity', '', '::1', '1149464064'),
(8, 'dev', 'dev@gmail.com', '213', '', 'surat', '9265472955', '26 bholeshwar soceity', '', '::1', '830178053');

-- --------------------------------------------------------

--
-- Table structure for table `customer_orders`
--

CREATE TABLE `customer_orders` (
  `order_id` int(10) NOT NULL,
  `customer_id` int(10) NOT NULL,
  `due_amount` int(100) NOT NULL,
  `invoice_no` int(100) NOT NULL,
  `qty` int(10) NOT NULL,
  `size` text NOT NULL,
  `order_date` timestamp NOT NULL DEFAULT current_timestamp() ON UPDATE current_timestamp(),
  `order_status` text NOT NULL
) ENGINE=InnoDB DEFAULT CHARSET=latin1 COLLATE=latin1_swedish_ci;

--
-- Dumping data for table `customer_orders`
--

INSERT INTO `customer_orders` (`order_id`, `customer_id`, `due_amount`, `invoice_no`, `qty`, `size`, `order_date`, `order_status`) VALUES
(17, 2, 100, 1715523401, 2, 'Large', '2017-02-20 08:21:42', 'pending'),
(23, 3, 20, 1762810884, 1, 'Medium', '2021-09-14 08:35:57', 'Complete'),
(24, 4, 100, 1972602052, 1, 'Large', '2021-09-14 16:37:52', 'Complete'),
(25, 4, 90, 2008540778, 1, 'Medium', '2021-09-14 16:43:15', 'pending'),
(27, 5, 120, 2138906686, 1, 'Small', '2021-09-15 03:18:41', 'Complete'),
(28, 5, 180, 361540113, 2, 'Medium', '2021-09-15 03:25:42', 'Complete'),
(29, 3, 100, 858195683, 1, 'Large', '2021-09-15 03:14:01', 'Complete'),
(31, 6, 245, 901707655, 1, 'Medium', '2021-09-15 03:52:18', 'Complete'),
(32, 6, 75, 2125554712, 1, 'Large', '2021-09-15 03:52:58', 'pending'),
(33, 0, 600, 1455868195, 6, 'Large', '2024-01-17 09:28:37', 'complete'),
(34, 0, 245, 1455868195, 1, 'Select a Size', '2024-01-17 09:28:37', 'complete'),
(35, 0, 90, 1455868195, 1, 'Medium', '2024-01-17 09:28:37', 'complete'),
(36, 0, 450, 1455868195, 6, 'Large', '2024-01-17 09:28:37', 'complete'),
(37, 0, 120, 779004013, 1, 'Select a Size', '2024-01-17 09:35:13', 'pending'),
(38, 7, 300, 1442045868, 3, 'Select a Size', '2024-01-17 09:40:05', 'pending'),
(39, 7, 300, 639758922, 2, 'Medium', '2024-01-17 11:21:09', 'pending'),
(40, 2, 0, 1454481046, 0, 'Select a Size', '2024-01-17 11:23:44', 'pending'),
(41, 2, 0, 791093293, 0, 'Select a Size', '2024-01-17 12:22:57', 'pending'),
(42, 7, 0, 1819008803, 0, 'Select a Size', '2024-01-27 10:54:16', 'pending'),
(43, 7, 200, 1819008803, 2, 'Select a Size', '2024-01-27 10:54:16', 'pending');

-- --------------------------------------------------------

--
-- Table structure for table `enquiry_types`
--

CREATE TABLE `enquiry_types` (
  `enquiry_id` int(10) NOT NULL,
  `enquiry_title` varchar(255) NOT NULL
) ENGINE=InnoDB DEFAULT CHARSET=latin1 COLLATE=latin1_swedish_ci;

--
-- Dumping data for table `enquiry_types`
--

INSERT INTO `enquiry_types` (`enquiry_id`, `enquiry_title`) VALUES
(1, 'Order and Delivery Support'),
(2, 'Technical Support'),
(3, 'Price Concern'),
(4, 'others');

-- --------------------------------------------------------

--
-- Table structure for table `manufacturers`
--

CREATE TABLE `manufacturers` (
  `manufacturer_id` int(10) NOT NULL,
  `manufacturer_title` text NOT NULL,
  `manufacturer_top` text NOT NULL,
  `manufacturer_image` text NOT NULL
) ENGINE=InnoDB DEFAULT CHARSET=latin1 COLLATE=latin1_swedish_ci;

--
-- Dumping data for table `manufacturers`
--

INSERT INTO `manufacturers` (`manufacturer_id`, `manufacturer_title`, `manufacturer_top`, `manufacturer_image`) VALUES
(2, 'Rayban', 'no', 'ray-ban-logo.png'),
(3, 'D & G', 'no', 'D&G.png'),
(4, 'Dior', 'no', 'dior-logo.png'),
(5, 'Fossil', 'no', 'fossil-logo.png'),
(7, 'Gucci', 'no', 'gucci-logo.png');

-- --------------------------------------------------------

--
-- Table structure for table `orders`
--

CREATE TABLE `orders` (
  `order_id` int(11) NOT NULL,
  `customer_id` int(11) NOT NULL,
  `amount` decimal(10,2) NOT NULL,
  `payment_id` varchar(100) DEFAULT NULL,
  `created_at` timestamp NOT NULL DEFAULT current_timestamp(),
  `status` varchar(100) NOT NULL
) ENGINE=InnoDB DEFAULT CHARSET=utf8mb4 COLLATE=utf8mb4_general_ci;

--
-- Dumping data for table `orders`
--

INSERT INTO `orders` (`order_id`, `customer_id`, `amount`, `payment_id`, `created_at`, `status`) VALUES
(1, 7, 345.00, NULL, '2024-02-12 13:54:08', ''),
(2, 7, 0.00, NULL, '2024-02-12 14:02:19', ''),
(3, 7, 0.00, NULL, '2024-02-12 14:02:36', ''),
(4, 7, 345.00, NULL, '2024-02-12 14:03:13', ''),
(5, 0, 100.00, NULL, '2024-02-14 12:59:32', ''),
(6, 0, 295.00, NULL, '2024-02-15 04:58:57', ''),
(7, 0, 100.00, NULL, '2024-02-15 05:33:08', ''),
(8, 0, 100.00, NULL, '2024-02-15 05:35:50', ''),
(9, 8, 100.00, NULL, '2024-02-15 05:45:49', ''),
(10, 8, 50.00, 'pay_Nb2z9pjdHaGg29', '2024-02-15 05:55:01', 'PAID'),
(11, 8, 0.00, NULL, '2024-02-15 06:35:10', ''),
(12, 8, 0.00, 'pay_Nb3faNAePCWlsn', '2024-02-15 06:35:48', ''),
(13, 8, 100.00, 'pay_Nb3hizj5CrKxkR', '2024-02-15 06:37:14', ''),
(14, 8, 150.00, 'pay_Nb3k4xoFfuHH0w', '2024-02-15 06:39:26', 'PAID'),
(15, 7, 295.00, 'pay_Nb6qd6HWzpC4Kl', '2024-02-15 09:41:42', 'PAID'),
(16, 7, 100.00, 'pay_NbAaH8MmTbgMAC', '2024-02-15 13:21:02', 'PAID'),
(17, 7, 100.00, 'pay_NbCttZXrj6Zdt0', '2024-02-15 15:36:57', 'PAID');

-- --------------------------------------------------------

--
-- Table structure for table `order_items`
--

CREATE TABLE `order_items` (
  `order_item_id` int(11) NOT NULL,
  `order_id` int(11) NOT NULL,
  `product_id` int(11) NOT NULL,
  `product_title` varchar(255) NOT NULL,
  `quantity` int(11) NOT NULL,
  `price` decimal(10,2) NOT NULL
) ENGINE=InnoDB DEFAULT CHARSET=utf8mb4 COLLATE=utf8mb4_general_ci;

--
-- Dumping data for table `order_items`
--

INSERT INTO `order_items` (`order_item_id`, `order_id`, `product_id`, `product_title`, `quantity`, `price`) VALUES
(1, 1, 9, 'sunglasses 2', 2, 50.00),
(2, 4, 8, 'Sleeveless Flaux Fur Hybrid Coat', 1, 245.00),
(3, 4, 16, 'demo 2', 1, 100.00),
(4, 5, 16, 'demo 2', 1, 100.00),
(5, 6, 8, 'sunglasses', 1, 245.00),
(6, 6, 9, 'sunglasses 2', 1, 50.00),
(7, 7, 16, 'demo 2', 1, 100.00),
(8, 8, 16, 'demo 2', 1, 100.00),
(9, 9, 16, 'demo 2', 1, 100.00),
(10, 10, 9, 'sunglasses 2', 1, 50.00),
(11, 11, 9, 'sunglasses 2', 1, 50.00),
(12, 11, 16, 'demo 2', 1, 100.00),
(13, 13, 16, 'demo 2', 1, 100.00),
(14, 14, 9, 'sunglasses 2', 1, 50.00),
(15, 14, 16, 'demo 2', 1, 100.00),
(16, 15, 8, 'sunglasses', 1, 245.00),
(17, 15, 9, 'sunglasses 2', 1, 50.00),
(18, 16, 19, 'STATE-DV2290', 1, 100.00),
(19, 17, 19, 'STATE-DV2290', 1, 100.00);

-- --------------------------------------------------------

--
-- Table structure for table `payments`
--

CREATE TABLE `payments` (
  `payment_id` int(10) NOT NULL,
  `invoice_no` int(10) NOT NULL,
  `amount` int(10) NOT NULL,
  `payment_mode` text NOT NULL,
  `ref_no` int(10) NOT NULL,
  `code` int(10) NOT NULL,
  `payment_date` text NOT NULL
) ENGINE=InnoDB DEFAULT CHARSET=latin1 COLLATE=latin1_swedish_ci;

--
-- Dumping data for table `payments`
--

INSERT INTO `payments` (`payment_id`, `invoice_no`, `amount`, `payment_mode`, `ref_no`, `code`, `payment_date`) VALUES
(2, 1607603019, 447, 'UBL/Omni', 5678, 33, '11/1/2016'),
(3, 314788500, 345, 'UBL/Omni', 443, 865, '11/1/2016'),
(4, 6906, 400, 'Western Union', 101025780, 696950, 'January 1'),
(5, 10023, 20, 'Bank Code', 1000010101, 6969, '09/14/2021'),
(6, 69088, 100, 'Bank Code', 1010101022, 88669, '09/14/2021'),
(7, 1835758347, 480, 'Western Union', 1785002101, 66990, '09-04-2021'),
(8, 1835758347, 480, 'Bank Code', 1012125550, 66500, '09-14-2021'),
(9, 1144520, 480, 'Bank Code', 1025000020, 66990, '09-14-2021'),
(10, 2145000000, 480, 'Bank Code', 2147483647, 66580, '09-14-2021'),
(20, 858195683, 100, 'Bank Code', 1400256000, 47850, '09-13-2021'),
(21, 2138906686, 120, 'Bank Code', 1455000020, 202020, '09-13-2021'),
(22, 2138906686, 120, 'Bank Code', 1450000020, 202020, '09-15-2021'),
(23, 361540113, 180, 'Western Union', 1470000020, 12001, '09-15-2021'),
(24, 361540113, 180, 'UBL/Omni', 1258886650, 200, '09-15-2021'),
(25, 901707655, 245, 'Western Union', 1200002588, 88850, '09-15-2021');

-- --------------------------------------------------------

--
-- Table structure for table `payment_transaction`
--

CREATE TABLE `payment_transaction` (
  `id` int(11) NOT NULL,
  `order_id` varchar(100) NOT NULL,
  `full_name` varchar(100) NOT NULL,
  `mobile_number` varchar(100) NOT NULL,
  `amount` float(10,2) NOT NULL,
  `status` varchar(100) NOT NULL,
  `txns_id` varchar(100) NOT NULL,
  `currency` varchar(100) NOT NULL,
  `txns_date` datetime NOT NULL,
  `address` text NOT NULL,
  `pincode` varchar(100) NOT NULL,
  `city` varchar(100) NOT NULL
) ENGINE=InnoDB DEFAULT CHARSET=utf8mb4 COLLATE=utf8mb4_general_ci;

-- --------------------------------------------------------

--
-- Table structure for table `pending_orders`
--

CREATE TABLE `pending_orders` (
  `order_id` int(10) NOT NULL,
  `customer_id` int(10) NOT NULL,
  `invoice_no` int(10) NOT NULL,
  `product_id` text NOT NULL,
  `qty` int(10) NOT NULL,
  `size` text NOT NULL,
  `order_status` text NOT NULL
) ENGINE=InnoDB DEFAULT CHARSET=latin1 COLLATE=latin1_swedish_ci;

--
-- Dumping data for table `pending_orders`
--

INSERT INTO `pending_orders` (`order_id`, `customer_id`, `invoice_no`, `product_id`, `qty`, `size`, `order_status`) VALUES
(24, 4, 1972602052, '5', 1, 'Large', 'Complete'),
(27, 5, 2138906686, '14', 1, 'Small', 'Complete'),
(28, 5, 361540113, '13', 2, 'Medium', 'Complete'),
(29, 3, 858195683, '5', 1, 'Large', 'Complete'),
(31, 6, 901707655, '8', 1, 'Medium', 'Complete'),
(32, 6, 2125554712, '15', 1, 'Large', 'pending'),
(33, 0, 1455868195, '5', 6, 'Large', 'complete'),
(34, 0, 1455868195, '8', 1, 'Select a Size', 'complete'),
(35, 0, 1455868195, '13', 1, 'Medium', 'complete'),
(36, 0, 1455868195, '15', 6, 'Large', 'complete'),
(37, 0, 779004013, '14', 1, 'Select a Size', 'pending'),
(38, 7, 1442045868, '16', 3, 'Select a Size', 'pending'),
(39, 7, 639758922, '12', 2, 'Medium', 'pending'),
(40, 2, 1454481046, '12', 0, 'Select a Size', 'pending'),
(41, 2, 791093293, '8', 0, 'Select a Size', 'pending'),
(42, 7, 1819008803, '9', 0, 'Select a Size', 'pending'),
(43, 7, 1819008803, '16', 2, 'Select a Size', 'pending');

-- --------------------------------------------------------

--
-- Table structure for table `products`
--

CREATE TABLE `products` (
  `product_id` int(10) NOT NULL,
  `p_cat_id` int(10) NOT NULL,
  `cat_id` int(10) NOT NULL,
  `manufacturer_id` int(10) NOT NULL,
  `date` timestamp NOT NULL DEFAULT current_timestamp() ON UPDATE current_timestamp(),
  `product_title` text NOT NULL,
  `product_url` text NOT NULL,
  `product_img1` text NOT NULL,
  `product_img2` text NOT NULL,
  `product_img3` text NOT NULL,
  `product_price` int(10) NOT NULL,
  `product_psp_price` int(100) NOT NULL,
  `product_desc` text NOT NULL,
  `product_features` text NOT NULL,
  `product_video` text NOT NULL,
  `product_keywords` text NOT NULL,
  `product_label` text NOT NULL,
  `status` varchar(255) NOT NULL
) ENGINE=InnoDB DEFAULT CHARSET=latin1 COLLATE=latin1_swedish_ci;

--
-- Dumping data for table `products`
--

INSERT INTO `products` (`product_id`, `p_cat_id`, `cat_id`, `manufacturer_id`, `date`, `product_title`, `product_url`, `product_img1`, `product_img2`, `product_img3`, `product_price`, `product_psp_price`, `product_desc`, `product_features`, `product_video`, `product_keywords`, `product_label`, `status`) VALUES
(8, 5, 2, 4, '2024-02-15 11:52:54', 'sunglasses', 'product-url-8', 'cart-item-1.png', 'Black Blouse Versace Coat2.jpg', 'Black Blouse Versace Coat3.jpg', 245, 100, '\r\n  \r\n  \r\n\r\n\r\n\r\n\r\n<p>This is a sample product description. This is a sample product description. This is a sample product description. This is a sample product description. This is a sample product description. This is a sample product description. This is a sample product description. This is a sample product description. This is a sample product description. This is a sample product description. This is a sample product description. This is a sample product description. This is a sample product description. This is a sample product description. This is a sample product description. This is a sample product description. This is a sample product description. This is a sample product description. This is a sample product description. This is a sample product description.</p>\r\n\r\n\r\n\r\n\r\n\r\n  \r\n  ', '\r\n  \r\n  \r\n\r\n\r\n\r\n\r\nIt is a long established fact that a reader will be distracted by the readable content of a page when looking at its layout. The point of using Lorem Ipsum is that it has a more-or-less normal distribution of letters,\r\n\r\n\r\n\r\n\r\n\r\n  \r\n  ', '\r\n  \r\n  \r\n\r\n\r\n\r\n\r\n<iframe width=\"854\" height=\"480\" src=\"https://www.youtube.com/embed/qRswlmADRa8\" frameborder=\"0\" allowfullscreen></iframe>\r\n\r\n\r\n\r\n\r\n\r\n  \r\n  ', 'Coats', 'New', 'product'),
(9, 5, 4, 7, '2024-01-24 12:55:15', 'sunglasses 2', 'product-url-9', 'cart-item-5.png', 'product-2.jpg', 'product-3.jpg', 50, 35, '\r\n\r\n\r\n\r\n\r\n\r\n<p>This is a sample product description. This is a sample product description. This is a sample product description. This is a sample product description. This is a sample product description. This is a sample product description. This is a sample product description. This is a sample product description. This is a sample product description. This is a sample product description. This is a sample product description. This is a sample product description. This is a sample product description. This is a sample product description. This is a sample product description. This is a sample product description. This is a sample product description. This is a sample product description. This is a sample product description. This is a sample product description.</p>\r\n\r\n\r\n\r\n\r\n\r\n', '\r\n\r\n\r\n\r\n\r\n\r\nIt is a long established fact that a reader will be distracted by the readable content of a page when looking at its layout. The point of using Lorem Ipsum is that it has a more-or-less normal distribution of letters,\r\n\r\n\r\n\r\n\r\n\r\n', '\r\n\r\n\r\n\r\n\r\n\r\n<iframe width=\"854\" height=\"480\" src=\"https://www.youtube.com/embed/qRswlmADRa8\" frameborder=\"0\" allowfullscreen></iframe>\r\n\r\n\r\n\r\n\r\n\r\n', 'T-Shirt', 'Sale', 'product'),
(16, 5, 5, 2, '2024-02-15 11:53:11', 'demo 2', 'demo-2', 'cart-item-2.png', 'cart-item-2.png', 'cart-item-2.png', 100, 100, '\r\n  \r\n\r\n\r\n  ', '\r\n  \r\n\r\n\r\n  ', '\r\n  \r\n\r\n\r\n  ', 'sunglasses', 'lol', 'product'),
(19, 4, 5, 2, '2024-02-15 14:56:45', 'STATE-DV2290', 'STATE-DV2290', 'product-1.webp', 'test-2.jpg', 'test-3.jpg', 100, 0, 'hellohellohellohellohellohellohellohellohellohellohellohellohellohellohellohellohellohellohellohellohellohellohellohellohellohellohellohellohellohellohellohellohellohellohellohellohellohellohellohellohellohellohellohellohellohellohellohellohellohellohellohellohellohellohellohellohellohello', '\r\n  \r\n  \r\n  \r\n\r\n  \r\n  \r\n  \r\n  ', '\r\n  \r\n  \r\n  \r\n\r\n  \r\n  \r\n  \r\n  ', 'll', 'll', 'product'),
(20, 4, 5, 3, '2024-02-15 12:02:44', 'SF1083S', 'SF1083S', 'sunglasses-4.jpg', '', '', 200, 200, '\r\n  \r\n  \r\n\r\n  this is demo 2.\r\n  \r\n  ', '\r\n  \r\n  \r\n\r\n  \r\n  \r\n  ', '\r\n  \r\n  \r\n\r\n  \r\n  \r\n  ', 'lol', 'lol', 'product'),
(21, 4, 5, 5, '2024-02-15 12:04:03', 'CK22515S', 'CK22515S', 'sunglasses-5.webp', '', '', 120, 0, '\r\n\r\n  this is demo 3', '\r\n\r\n  ', '\r\n\r\n  ', '', '', 'product');

-- --------------------------------------------------------

--
-- Table structure for table `product_categories`
--

CREATE TABLE `product_categories` (
  `p_cat_id` int(10) NOT NULL,
  `p_cat_title` text NOT NULL,
  `p_cat_top` text NOT NULL,
  `p_cat_image` text NOT NULL
) ENGINE=InnoDB DEFAULT CHARSET=latin1 COLLATE=latin1_swedish_ci;

--
-- Dumping data for table `product_categories`
--

INSERT INTO `product_categories` (`p_cat_id`, `p_cat_title`, `p_cat_top`, `p_cat_image`) VALUES
(4, 'sunglasses', 'no', 'coaticn.png'),
(5, 'computerglasses', 'no', 'tshirticn.png'),
(6, 'contact lenses', 'no', 'sweatericn.png');

-- --------------------------------------------------------

--
-- Table structure for table `store`
--

CREATE TABLE `store` (
  `store_id` int(10) NOT NULL,
  `store_title` varchar(255) NOT NULL,
  `store_image` varchar(255) NOT NULL,
  `store_desc` text NOT NULL,
  `store_button` varchar(255) NOT NULL,
  `store_url` varchar(255) NOT NULL
) ENGINE=InnoDB DEFAULT CHARSET=latin1 COLLATE=latin1_swedish_ci;

--
-- Dumping data for table `store`
--

INSERT INTO `store` (`store_id`, `store_title`, `store_image`, `store_desc`, `store_button`, `store_url`) VALUES
(4, 'London Store', 'store (3).jpg', '<p style=\"text-align: center;\"><strong>180-182 RECENTS STREET, LONDON, W1B 5BT</strong></p>\r\n<p>Lorem ipsum dolor sit amet, consectetur adipiscing elit. Ut libero erat, aliquet eget mauris ut, dictum sagittis libero. Nam at dui dapibus, semper dolor ac, malesuada mi. Duis quis lobortis arcu. Vivamus sed sodales orci, non varius dolor.</p>', 'View Map', 'http://www.thedailylux.com/ecommerce'),
(5, 'New York Store', 'store (1).png', '<p style=\"text-align: center;\"><strong>109 COLUMBUS CIRCLE, NEW YORK, NY10023</strong></p>\r\n<p>Lorem ipsum dolor sit amet, consectetur adipiscing elit. Ut libero erat, aliquet eget mauris ut, dictum sagittis libero. Nam at dui dapibus, semper dolor ac, malesuada mi. Duis quis lobortis arcu. Vivamus sed sodales orci, non varius dolor.</p>', 'View Map', 'http://www.thedailylux.com/ecommerce'),
(6, 'Paris Store', 'store (2).jpg', '<p style=\"text-align: center;\"><strong>2133 RUE SAINT-HONORE, 75001 PARIS&nbsp;</strong></p>\r\n<p>Lorem ipsum dolor sit amet, consectetur adipiscing elit. Ut libero erat, aliquet eget mauris ut, dictum sagittis libero. Nam at dui dapibus, semper dolor ac, malesuada mi. Duis quis lobortis arcu. Vivamus sed sodales orci, non varius dolor.</p>', 'View Map', 'http://www.thedailylux.com/ecommerce');

-- --------------------------------------------------------

--
-- Table structure for table `terms`
--

CREATE TABLE `terms` (
  `term_id` int(10) NOT NULL,
  `term_title` varchar(100) NOT NULL,
  `term_link` varchar(100) NOT NULL,
  `term_desc` text NOT NULL
) ENGINE=InnoDB DEFAULT CHARSET=latin1 COLLATE=latin1_swedish_ci;

--
-- Dumping data for table `terms`
--

INSERT INTO `terms` (`term_id`, `term_title`, `term_link`, `term_desc`) VALUES
(1, 'Rules And Regulations', 'rules', '<p>Contrary to popular belief, Lorem Ipsum is not simply random text. It has roots in a piece of classical Latin literature from 45 BC, making it over 2000 years old. Richard McClintock, a Latin professor at Hampden-Sydney College in Virginia, looked up one of the more obscure Latin words, consectetur, from a Lorem Ipsum passage, and going through the cites of the word in classical literature, discovered the undoubtable source. Lorem Ipsum comes from sections 1.10.32 and 1.10.33 of \"de Finibus Bonorum et Malorum\" (The Extremes of Good and Evil) by Cicero, written in 45 BC. This book is a treatise on the theory of ethics, very popular during the Renaissance.&nbsp;</p>'),
(2, 'Refund Policy', 'link2', 'It is a long established fact that a reader will be distracted by the readable content of a page when looking at its layout. The point of using Lorem Ipsum is that it has a more-or-less normal distribution of letters, as opposed to using \'Content here, content here\', making it look like readable English. Many desktop publishing packages and web page editors now use Lorem Ipsum as their default model text, and a search for \'lorem ipsum\' will uncover many web sites still in their infancy. Various versions have evolved over the years, sometimes by accident, sometimes on purpose (injected humour and the like).Why do we use it?It is a long established fact that a reader will be distracted by the readable content of a page when looking at its layout. The point of using Lorem Ipsum is that it has a more-or-less normal distribution of letters, as opposed to using \'Content here, content here\', making it look like readable English. Many desktop publishing packages and web page editors now use Lorem Ipsum as their default model text, and a search for \'lorem ipsum\' will uncover many web sites still in their infancy. Various versions have evolved over the years, sometimes by accident, sometimes on'),
(3, 'Pricing and Promotions Policy', 'link3', 'It is a long established fact that a reader will be distracted by the readable content of a page when looking at its layout. The point of using Lorem Ipsum is that it has a more-or-less normal distribution of letters, as opposed to using \'Content here, content here\', making it look like readable English. Many desktop publishing packages and web page editors now use Lorem Ipsum as their default model text, and a search for \'lorem ipsum\' will uncover many web sites still in their infancy. Various versions have evolved over the years, sometimes by accident, sometimes on purpose (injected humour and the like).Why do we use it?It is a long established fact that a reader will be distracted by the readable content of a page when looking at its layout. The point of using Lorem Ipsum is that it has a more-or-less normal distribution of letters, as opposed to using \'Content here, content here\', making it look like readable English. Many desktop publishing packages and web page editors now use Lorem Ipsum as their default model text, and a search for \'lorem ipsum\' will uncover many web sites still in their infancy. Various versions have evolved over the years, sometimes by accident, sometimes on');

-- --------------------------------------------------------

--
-- Table structure for table `wishlist`
--

CREATE TABLE `wishlist` (
  `wishlist_id` int(10) NOT NULL,
  `customer_id` int(10) NOT NULL,
  `product_id` int(10) NOT NULL
) ENGINE=InnoDB DEFAULT CHARSET=latin1 COLLATE=latin1_swedish_ci;

--
-- Dumping data for table `wishlist`
--

INSERT INTO `wishlist` (`wishlist_id`, `customer_id`, `product_id`) VALUES
(2, 2, 8),
(3, 5, 13),
(4, 3, 13),
(5, 6, 15);

--
-- Indexes for dumped tables
--

--
-- Indexes for table `about_us`
--
ALTER TABLE `about_us`
  ADD PRIMARY KEY (`about_id`);

--
-- Indexes for table `admins`
--
ALTER TABLE `admins`
  ADD PRIMARY KEY (`admin_id`);

--
-- Indexes for table `bundle_product_relation`
--
ALTER TABLE `bundle_product_relation`
  ADD PRIMARY KEY (`rel_id`);

--
-- Indexes for table `cart`
--
ALTER TABLE `cart`
  ADD PRIMARY KEY (`p_id`);

--
-- Indexes for table `categories`
--
ALTER TABLE `categories`
  ADD PRIMARY KEY (`cat_id`);

--
-- Indexes for table `contact_page`
--
ALTER TABLE `contact_page`
  ADD PRIMARY KEY (`id`);

--
-- Indexes for table `contact_us`
--
ALTER TABLE `contact_us`
  ADD PRIMARY KEY (`contact_id`);

--
-- Indexes for table `coupons`
--
ALTER TABLE `coupons`
  ADD PRIMARY KEY (`coupon_id`);

--
-- Indexes for table `customers`
--
ALTER TABLE `customers`
  ADD PRIMARY KEY (`customer_id`);

--
-- Indexes for table `customer_orders`
--
ALTER TABLE `customer_orders`
  ADD PRIMARY KEY (`order_id`);

--
-- Indexes for table `enquiry_types`
--
ALTER TABLE `enquiry_types`
  ADD PRIMARY KEY (`enquiry_id`);

--
-- Indexes for table `manufacturers`
--
ALTER TABLE `manufacturers`
  ADD PRIMARY KEY (`manufacturer_id`);

--
-- Indexes for table `orders`
--
ALTER TABLE `orders`
  ADD PRIMARY KEY (`order_id`);

--
-- Indexes for table `order_items`
--
ALTER TABLE `order_items`
  ADD PRIMARY KEY (`order_item_id`),
  ADD KEY `order_id` (`order_id`),
  ADD KEY `product_id` (`product_id`);

--
-- Indexes for table `payments`
--
ALTER TABLE `payments`
  ADD PRIMARY KEY (`payment_id`);

--
-- Indexes for table `payment_transaction`
--
ALTER TABLE `payment_transaction`
  ADD PRIMARY KEY (`id`);

--
-- Indexes for table `pending_orders`
--
ALTER TABLE `pending_orders`
  ADD PRIMARY KEY (`order_id`);

--
-- Indexes for table `products`
--
ALTER TABLE `products`
  ADD PRIMARY KEY (`product_id`),
  ADD KEY `p_cat_id` (`p_cat_id`);

--
-- Indexes for table `product_categories`
--
ALTER TABLE `product_categories`
  ADD PRIMARY KEY (`p_cat_id`);

--
-- Indexes for table `store`
--
ALTER TABLE `store`
  ADD PRIMARY KEY (`store_id`);

--
-- Indexes for table `terms`
--
ALTER TABLE `terms`
  ADD PRIMARY KEY (`term_id`);

--
-- Indexes for table `wishlist`
--
ALTER TABLE `wishlist`
  ADD PRIMARY KEY (`wishlist_id`);

--
-- AUTO_INCREMENT for dumped tables
--

--
-- AUTO_INCREMENT for table `about_us`
--
ALTER TABLE `about_us`
  MODIFY `about_id` int(10) NOT NULL AUTO_INCREMENT, AUTO_INCREMENT=3;

--
-- AUTO_INCREMENT for table `admins`
--
ALTER TABLE `admins`
  MODIFY `admin_id` int(10) NOT NULL AUTO_INCREMENT, AUTO_INCREMENT=3;

--
-- AUTO_INCREMENT for table `bundle_product_relation`
--
ALTER TABLE `bundle_product_relation`
  MODIFY `rel_id` int(10) NOT NULL AUTO_INCREMENT;

--
-- AUTO_INCREMENT for table `categories`
--
ALTER TABLE `categories`
  MODIFY `cat_id` int(10) NOT NULL AUTO_INCREMENT, AUTO_INCREMENT=6;

--
-- AUTO_INCREMENT for table `contact_page`
--
ALTER TABLE `contact_page`
  MODIFY `id` int(10) NOT NULL AUTO_INCREMENT, AUTO_INCREMENT=12;

--
-- AUTO_INCREMENT for table `contact_us`
--
ALTER TABLE `contact_us`
  MODIFY `contact_id` int(10) NOT NULL AUTO_INCREMENT, AUTO_INCREMENT=2;

--
-- AUTO_INCREMENT for table `coupons`
--
ALTER TABLE `coupons`
  MODIFY `coupon_id` int(10) NOT NULL AUTO_INCREMENT, AUTO_INCREMENT=7;

--
-- AUTO_INCREMENT for table `customers`
--
ALTER TABLE `customers`
  MODIFY `customer_id` int(10) NOT NULL AUTO_INCREMENT, AUTO_INCREMENT=9;

--
-- AUTO_INCREMENT for table `customer_orders`
--
ALTER TABLE `customer_orders`
  MODIFY `order_id` int(10) NOT NULL AUTO_INCREMENT, AUTO_INCREMENT=44;

--
-- AUTO_INCREMENT for table `enquiry_types`
--
ALTER TABLE `enquiry_types`
  MODIFY `enquiry_id` int(10) NOT NULL AUTO_INCREMENT, AUTO_INCREMENT=5;

--
-- AUTO_INCREMENT for table `manufacturers`
--
ALTER TABLE `manufacturers`
  MODIFY `manufacturer_id` int(10) NOT NULL AUTO_INCREMENT, AUTO_INCREMENT=9;

--
-- AUTO_INCREMENT for table `orders`
--
ALTER TABLE `orders`
  MODIFY `order_id` int(11) NOT NULL AUTO_INCREMENT, AUTO_INCREMENT=18;

--
-- AUTO_INCREMENT for table `order_items`
--
ALTER TABLE `order_items`
  MODIFY `order_item_id` int(11) NOT NULL AUTO_INCREMENT, AUTO_INCREMENT=20;

--
-- AUTO_INCREMENT for table `payments`
--
ALTER TABLE `payments`
  MODIFY `payment_id` int(10) NOT NULL AUTO_INCREMENT, AUTO_INCREMENT=26;

--
-- AUTO_INCREMENT for table `payment_transaction`
--
ALTER TABLE `payment_transaction`
  MODIFY `id` int(11) NOT NULL AUTO_INCREMENT;

--
-- AUTO_INCREMENT for table `pending_orders`
--
ALTER TABLE `pending_orders`
  MODIFY `order_id` int(10) NOT NULL AUTO_INCREMENT, AUTO_INCREMENT=44;

--
-- AUTO_INCREMENT for table `products`
--
ALTER TABLE `products`
  MODIFY `product_id` int(10) NOT NULL AUTO_INCREMENT, AUTO_INCREMENT=22;

--
-- AUTO_INCREMENT for table `product_categories`
--
ALTER TABLE `product_categories`
  MODIFY `p_cat_id` int(10) NOT NULL AUTO_INCREMENT, AUTO_INCREMENT=10;

--
-- AUTO_INCREMENT for table `store`
--
ALTER TABLE `store`
  MODIFY `store_id` int(10) NOT NULL AUTO_INCREMENT, AUTO_INCREMENT=7;

--
-- AUTO_INCREMENT for table `terms`
--
ALTER TABLE `terms`
  MODIFY `term_id` int(10) NOT NULL AUTO_INCREMENT, AUTO_INCREMENT=4;

--
-- AUTO_INCREMENT for table `wishlist`
--
ALTER TABLE `wishlist`
  MODIFY `wishlist_id` int(10) NOT NULL AUTO_INCREMENT, AUTO_INCREMENT=6;

--
-- Constraints for dumped tables
--

--
-- Constraints for table `order_items`
--
ALTER TABLE `order_items`
  ADD CONSTRAINT `order_items_ibfk_1` FOREIGN KEY (`order_id`) REFERENCES `orders` (`order_id`),
  ADD CONSTRAINT `order_items_ibfk_2` FOREIGN KEY (`product_id`) REFERENCES `products` (`product_id`);

--
-- Constraints for table `products`
--
ALTER TABLE `products`
  ADD CONSTRAINT `products_ibfk_1` FOREIGN KEY (`p_cat_id`) REFERENCES `product_categories` (`p_cat_id`);
COMMIT;

/*!40101 SET CHARACTER_SET_CLIENT=@OLD_CHARACTER_SET_CLIENT */;
/*!40101 SET CHARACTER_SET_RESULTS=@OLD_CHARACTER_SET_RESULTS */;
/*!40101 SET COLLATION_CONNECTION=@OLD_COLLATION_CONNECTION */;
